source name	characteristics[organism]	characteristics[organism part]	characteristics[disease]	characteristics[cell line]	characteristics[cell type]	characteristics[biological replicate]	material type	assay name	technology type	comment[instrument]	comment[label]	comment[fraction identifier]	comment[proteomics data acquisition method]	comment[modification parameters]	comment[modification parameters]	comment[modification parameters]	comment[modification parameters]	comment[cleavage agent details]	comment[dissociation method]	comment[precursor mass tolerance]	comment[fragment mass tolerance]	comment[technical replicate]	comment[data file]	factor value[cell type]
MSV000093870-SC-0001	homo sapiens	ovary	not applicable	not applicable	oocyte	1	cell	wAP0021_mTRAQ0	proteomic profiling by mass spectrometry	NT=Q Exactive;AC=MS:1001911	AC=UNIMOD:888;NT=MTRAQ0	1	NT=Data-Independent Acquisition;AC=NCIT:C161786	NT=Carbamidomethyl;MT=Fixed;TA=C;AC=UNIMOD:4	NT=Oxidation;MT=Variable;TA=M;AC=UNIMOD:35	NT=Acetyl;MT=Variable;TA=N-term;AC=UNIMOD:1	not available	NT=Trypsin;AC=MS:1001251	NT=HCD;AC=PRIDE:0000590	5 ppm	10 ppm	1	wAP0021_20220705232143.raw	oocyte
MSV000093870-SC-0002	homo sapiens	ovary	not applicable	not applicable	oocyte	2	cell	wAP0021_mTRAQ4	proteomic profiling by mass spectrometry	NT=Q Exactive;AC=MS:1001911	AC=UNIMOD:889;NT=MTRAQ4	1	NT=Data-Independent Acquisition;AC=NCIT:C161786	NT=Carbamidomethyl;MT=Fixed;TA=C;AC=UNIMOD:4	NT=Oxidation;MT=Variable;TA=M;AC=UNIMOD:35	NT=Acetyl;MT=Variable;TA=N-term;AC=UNIMOD:1	not available	NT=Trypsin;AC=MS:1001251	NT=HCD;AC=PRIDE:0000590	5 ppm	10 ppm	1	wAP0021_20220705232143.raw	oocyte
MSV000093870-SC-0003	homo sapiens	ovary	not applicable	not applicable	oocyte	3	cell	wAP0021_mTRAQ8	proteomic profiling by mass spectrometry	NT=Q Exactive;AC=MS:1001911	AC=UNIMOD:1302;NT=MTRAQ8	1	NT=Data-Independent Acquisition;AC=NCIT:C161786	NT=Carbamidomethyl;MT=Fixed;TA=C;AC=UNIMOD:4	NT=Oxidation;MT=Variable;TA=M;AC=UNIMOD:35	NT=Acetyl;MT=Variable;TA=N-term;AC=UNIMOD:1	not available	NT=Trypsin;AC=MS:1001251	NT=HCD;AC=PRIDE:0000590	5 ppm	10 ppm	1	wAP0021_20220705232143.raw	oocyte
MSV000093870-SC-0004	homo sapiens	ovary	not applicable	not applicable	oocyte	4	cell	wAP0022_mTRAQ0	proteomic profiling by mass spectrometry	NT=Q Exactive;AC=MS:1001911	AC=UNIMOD:888;NT=MTRAQ0	1	NT=Data-Independent Acquisition;AC=NCIT:C161786	NT=Carbamidomethyl;MT=Fixed;TA=C;AC=UNIMOD:4	NT=Oxidation;MT=Variable;TA=M;AC=UNIMOD:35	NT=Acetyl;MT=Variable;TA=N-term;AC=UNIMOD:1	not available	NT=Trypsin;AC=MS:1001251	NT=HCD;AC=PRIDE:0000590	5 ppm	10 ppm	1	wAP0022.raw	oocyte
MSV000093870-SC-0005	homo sapiens	ovary	not applicable	not applicable	oocyte	5	cell	wAP0022_mTRAQ4	proteomic profiling by mass spectrometry	NT=Q Exactive;AC=MS:1001911	AC=UNIMOD:889;NT=MTRAQ4	1	NT=Data-Independent Acquisition;AC=NCIT:C161786	NT=Carbamidomethyl;MT=Fixed;TA=C;AC=UNIMOD:4	NT=Oxidation;MT=Variable;TA=M;AC=UNIMOD:35	NT=Acetyl;MT=Variable;TA=N-term;AC=UNIMOD:1	not available	NT=Trypsin;AC=MS:1001251	NT=HCD;AC=PRIDE:0000590	5 ppm	10 ppm	1	wAP0022.raw	oocyte
MSV000093870-SC-0006	homo sapiens	ovary	not applicable	not applicable	oocyte	6	cell	wAP0022_mTRAQ8	proteomic profiling by mass spectrometry	NT=Q Exactive;AC=MS:1001911	AC=UNIMOD:1302;NT=MTRAQ8	1	NT=Data-Independent Acquisition;AC=NCIT:C161786	NT=Carbamidomethyl;MT=Fixed;TA=C;AC=UNIMOD:4	NT=Oxidation;MT=Variable;TA=M;AC=UNIMOD:35	NT=Acetyl;MT=Variable;TA=N-term;AC=UNIMOD:1	not available	NT=Trypsin;AC=MS:1001251	NT=HCD;AC=PRIDE:0000590	5 ppm	10 ppm	1	wAP0022.raw	oocyte
MSV000093870-SC-0007	homo sapiens	ovary	not applicable	not applicable	oocyte	7	cell	wAP0023_mTRAQ0	proteomic profiling by mass spectrometry	NT=Q Exactive;AC=MS:1001911	AC=UNIMOD:888;NT=MTRAQ0	1	NT=Data-Independent Acquisition;AC=NCIT:C161786	NT=Carbamidomethyl;MT=Fixed;TA=C;AC=UNIMOD:4	NT=Oxidation;MT=Variable;TA=M;AC=UNIMOD:35	NT=Acetyl;MT=Variable;TA=N-term;AC=UNIMOD:1	not available	NT=Trypsin;AC=MS:1001251	NT=HCD;AC=PRIDE:0000590	5 ppm	10 ppm	1	wAP0023.raw	oocyte
MSV000093870-SC-0008	homo sapiens	ovary	not applicable	not applicable	oocyte	8	cell	wAP0023_mTRAQ4	proteomic profiling by mass spectrometry	NT=Q Exactive;AC=MS:1001911	AC=UNIMOD:889;NT=MTRAQ4	1	NT=Data-Independent Acquisition;AC=NCIT:C161786	NT=Carbamidomethyl;MT=Fixed;TA=C;AC=UNIMOD:4	NT=Oxidation;MT=Variable;TA=M;AC=UNIMOD:35	NT=Acetyl;MT=Variable;TA=N-term;AC=UNIMOD:1	not available	NT=Trypsin;AC=MS:1001251	NT=HCD;AC=PRIDE:0000590	5 ppm	10 ppm	1	wAP0023.raw	oocyte
MSV000093870-SC-0009	homo sapiens	ovary	not applicable	not applicable	oocyte	9	cell	wAP0023_mTRAQ8	proteomic profiling by mass spectrometry	NT=Q Exactive;AC=MS:1001911	AC=UNIMOD:1302;NT=MTRAQ8	1	NT=Data-Independent Acquisition;AC=NCIT:C161786	NT=Carbamidomethyl;MT=Fixed;TA=C;AC=UNIMOD:4	NT=Oxidation;MT=Variable;TA=M;AC=UNIMOD:35	NT=Acetyl;MT=Variable;TA=N-term;AC=UNIMOD:1	not available	NT=Trypsin;AC=MS:1001251	NT=HCD;AC=PRIDE:0000590	5 ppm	10 ppm	1	wAP0023.raw	oocyte
MSV000093870-SC-0010	homo sapiens	ovary	not applicable	not applicable	oocyte	10	cell	wAP0024_mTRAQ0	proteomic profiling by mass spectrometry	NT=Q Exactive;AC=MS:1001911	AC=UNIMOD:888;NT=MTRAQ0	1	NT=Data-Independent Acquisition;AC=NCIT:C161786	NT=Carbamidomethyl;MT=Fixed;TA=C;AC=UNIMOD:4	NT=Oxidation;MT=Variable;TA=M;AC=UNIMOD:35	NT=Acetyl;MT=Variable;TA=N-term;AC=UNIMOD:1	not available	NT=Trypsin;AC=MS:1001251	NT=HCD;AC=PRIDE:0000590	5 ppm	10 ppm	1	wAP0024.raw	oocyte
MSV000093870-SC-0011	homo sapiens	ovary	not applicable	not applicable	oocyte	11	cell	wAP0024_mTRAQ4	proteomic profiling by mass spectrometry	NT=Q Exactive;AC=MS:1001911	AC=UNIMOD:889;NT=MTRAQ4	1	NT=Data-Independent Acquisition;AC=NCIT:C161786	NT=Carbamidomethyl;MT=Fixed;TA=C;AC=UNIMOD:4	NT=Oxidation;MT=Variable;TA=M;AC=UNIMOD:35	NT=Acetyl;MT=Variable;TA=N-term;AC=UNIMOD:1	not available	NT=Trypsin;AC=MS:1001251	NT=HCD;AC=PRIDE:0000590	5 ppm	10 ppm	1	wAP0024.raw	oocyte
MSV000093870-SC-0012	homo sapiens	ovary	not applicable	not applicable	oocyte	12	cell	wAP0024_mTRAQ8	proteomic profiling by mass spectrometry	NT=Q Exactive;AC=MS:1001911	AC=UNIMOD:1302;NT=MTRAQ8	1	NT=Data-Independent Acquisition;AC=NCIT:C161786	NT=Carbamidomethyl;MT=Fixed;TA=C;AC=UNIMOD:4	NT=Oxidation;MT=Variable;TA=M;AC=UNIMOD:35	NT=Acetyl;MT=Variable;TA=N-term;AC=UNIMOD:1	not available	NT=Trypsin;AC=MS:1001251	NT=HCD;AC=PRIDE:0000590	5 ppm	10 ppm	1	wAP0024.raw	oocyte
MSV000093870-SC-0013	homo sapiens	ovary	not applicable	not applicable	oocyte	13	cell	wAP0025_mTRAQ0	proteomic profiling by mass spectrometry	NT=Q Exactive;AC=MS:1001911	AC=UNIMOD:888;NT=MTRAQ0	1	NT=Data-Independent Acquisition;AC=NCIT:C161786	NT=Carbamidomethyl;MT=Fixed;TA=C;AC=UNIMOD:4	NT=Oxidation;MT=Variable;TA=M;AC=UNIMOD:35	NT=Acetyl;MT=Variable;TA=N-term;AC=UNIMOD:1	not available	NT=Trypsin;AC=MS:1001251	NT=HCD;AC=PRIDE:0000590	5 ppm	10 ppm	1	wAP0025.raw	oocyte
MSV000093870-SC-0014	homo sapiens	ovary	not applicable	not applicable	oocyte	14	cell	wAP0025_mTRAQ4	proteomic profiling by mass spectrometry	NT=Q Exactive;AC=MS:1001911	AC=UNIMOD:889;NT=MTRAQ4	1	NT=Data-Independent Acquisition;AC=NCIT:C161786	NT=Carbamidomethyl;MT=Fixed;TA=C;AC=UNIMOD:4	NT=Oxidation;MT=Variable;TA=M;AC=UNIMOD:35	NT=Acetyl;MT=Variable;TA=N-term;AC=UNIMOD:1	not available	NT=Trypsin;AC=MS:1001251	NT=HCD;AC=PRIDE:0000590	5 ppm	10 ppm	1	wAP0025.raw	oocyte
MSV000093870-SC-0015	homo sapiens	ovary	not applicable	not applicable	oocyte	15	cell	wAP0025_mTRAQ8	proteomic profiling by mass spectrometry	NT=Q Exactive;AC=MS:1001911	AC=UNIMOD:1302;NT=MTRAQ8	1	NT=Data-Independent Acquisition;AC=NCIT:C161786	NT=Carbamidomethyl;MT=Fixed;TA=C;AC=UNIMOD:4	NT=Oxidation;MT=Variable;TA=M;AC=UNIMOD:35	NT=Acetyl;MT=Variable;TA=N-term;AC=UNIMOD:1	not available	NT=Trypsin;AC=MS:1001251	NT=HCD;AC=PRIDE:0000590	5 ppm	10 ppm	1	wAP0025.raw	oocyte
MSV000093870-SC-0016	homo sapiens	ovary	not applicable	not applicable	oocyte	16	cell	wAP0026_mTRAQ0	proteomic profiling by mass spectrometry	NT=Q Exactive;AC=MS:1001911	AC=UNIMOD:888;NT=MTRAQ0	1	NT=Data-Independent Acquisition;AC=NCIT:C161786	NT=Carbamidomethyl;MT=Fixed;TA=C;AC=UNIMOD:4	NT=Oxidation;MT=Variable;TA=M;AC=UNIMOD:35	NT=Acetyl;MT=Variable;TA=N-term;AC=UNIMOD:1	not available	NT=Trypsin;AC=MS:1001251	NT=HCD;AC=PRIDE:0000590	5 ppm	10 ppm	1	wAP0026.raw	oocyte
MSV000093870-SC-0017	homo sapiens	ovary	not applicable	not applicable	oocyte	17	cell	wAP0026_mTRAQ4	proteomic profiling by mass spectrometry	NT=Q Exactive;AC=MS:1001911	AC=UNIMOD:889;NT=MTRAQ4	1	NT=Data-Independent Acquisition;AC=NCIT:C161786	NT=Carbamidomethyl;MT=Fixed;TA=C;AC=UNIMOD:4	NT=Oxidation;MT=Variable;TA=M;AC=UNIMOD:35	NT=Acetyl;MT=Variable;TA=N-term;AC=UNIMOD:1	not available	NT=Trypsin;AC=MS:1001251	NT=HCD;AC=PRIDE:0000590	5 ppm	10 ppm	1	wAP0026.raw	oocyte
MSV000093870-SC-0018	homo sapiens	ovary	not applicable	not applicable	oocyte	18	cell	wAP0026_mTRAQ8	proteomic profiling by mass spectrometry	NT=Q Exactive;AC=MS:1001911	AC=UNIMOD:1302;NT=MTRAQ8	1	NT=Data-Independent Acquisition;AC=NCIT:C161786	NT=Carbamidomethyl;MT=Fixed;TA=C;AC=UNIMOD:4	NT=Oxidation;MT=Variable;TA=M;AC=UNIMOD:35	NT=Acetyl;MT=Variable;TA=N-term;AC=UNIMOD:1	not available	NT=Trypsin;AC=MS:1001251	NT=HCD;AC=PRIDE:0000590	5 ppm	10 ppm	1	wAP0026.raw	oocyte
MSV000093870-SC-0019	homo sapiens	ovary	not applicable	not applicable	oocyte	19	cell	wAP0028_mTRAQ0	proteomic profiling by mass spectrometry	NT=Q Exactive;AC=MS:1001911	AC=UNIMOD:888;NT=MTRAQ0	1	NT=Data-Independent Acquisition;AC=NCIT:C161786	NT=Carbamidomethyl;MT=Fixed;TA=C;AC=UNIMOD:4	NT=Oxidation;MT=Variable;TA=M;AC=UNIMOD:35	NT=Acetyl;MT=Variable;TA=N-term;AC=UNIMOD:1	not available	NT=Trypsin;AC=MS:1001251	NT=HCD;AC=PRIDE:0000590	5 ppm	10 ppm	1	wAP0028.raw	oocyte
MSV000093870-SC-0020	homo sapiens	ovary	not applicable	not applicable	oocyte	20	cell	wAP0028_mTRAQ4	proteomic profiling by mass spectrometry	NT=Q Exactive;AC=MS:1001911	AC=UNIMOD:889;NT=MTRAQ4	1	NT=Data-Independent Acquisition;AC=NCIT:C161786	NT=Carbamidomethyl;MT=Fixed;TA=C;AC=UNIMOD:4	NT=Oxidation;MT=Variable;TA=M;AC=UNIMOD:35	NT=Acetyl;MT=Variable;TA=N-term;AC=UNIMOD:1	not available	NT=Trypsin;AC=MS:1001251	NT=HCD;AC=PRIDE:0000590	5 ppm	10 ppm	1	wAP0028.raw	oocyte
MSV000093870-SC-0021	homo sapiens	ovary	not applicable	not applicable	oocyte	21	cell	wAP0028_mTRAQ8	proteomic profiling by mass spectrometry	NT=Q Exactive;AC=MS:1001911	AC=UNIMOD:1302;NT=MTRAQ8	1	NT=Data-Independent Acquisition;AC=NCIT:C161786	NT=Carbamidomethyl;MT=Fixed;TA=C;AC=UNIMOD:4	NT=Oxidation;MT=Variable;TA=M;AC=UNIMOD:35	NT=Acetyl;MT=Variable;TA=N-term;AC=UNIMOD:1	not available	NT=Trypsin;AC=MS:1001251	NT=HCD;AC=PRIDE:0000590	5 ppm	10 ppm	1	wAP0028.raw	oocyte
MSV000093870-SC-0022	homo sapiens	ovary	not applicable	not applicable	oocyte	22	cell	wAP0029_mTRAQ0	proteomic profiling by mass spectrometry	NT=Q Exactive;AC=MS:1001911	AC=UNIMOD:888;NT=MTRAQ0	1	NT=Data-Independent Acquisition;AC=NCIT:C161786	NT=Carbamidomethyl;MT=Fixed;TA=C;AC=UNIMOD:4	NT=Oxidation;MT=Variable;TA=M;AC=UNIMOD:35	NT=Acetyl;MT=Variable;TA=N-term;AC=UNIMOD:1	not available	NT=Trypsin;AC=MS:1001251	NT=HCD;AC=PRIDE:0000590	5 ppm	10 ppm	1	wAP0029.raw	oocyte
MSV000093870-SC-0023	homo sapiens	ovary	not applicable	not applicable	oocyte	23	cell	wAP0029_mTRAQ4	proteomic profiling by mass spectrometry	NT=Q Exactive;AC=MS:1001911	AC=UNIMOD:889;NT=MTRAQ4	1	NT=Data-Independent Acquisition;AC=NCIT:C161786	NT=Carbamidomethyl;MT=Fixed;TA=C;AC=UNIMOD:4	NT=Oxidation;MT=Variable;TA=M;AC=UNIMOD:35	NT=Acetyl;MT=Variable;TA=N-term;AC=UNIMOD:1	not available	NT=Trypsin;AC=MS:1001251	NT=HCD;AC=PRIDE:0000590	5 ppm	10 ppm	1	wAP0029.raw	oocyte
MSV000093870-SC-0024	homo sapiens	ovary	not applicable	not applicable	oocyte	24	cell	wAP0029_mTRAQ8	proteomic profiling by mass spectrometry	NT=Q Exactive;AC=MS:1001911	AC=UNIMOD:1302;NT=MTRAQ8	1	NT=Data-Independent Acquisition;AC=NCIT:C161786	NT=Carbamidomethyl;MT=Fixed;TA=C;AC=UNIMOD:4	NT=Oxidation;MT=Variable;TA=M;AC=UNIMOD:35	NT=Acetyl;MT=Variable;TA=N-term;AC=UNIMOD:1	not available	NT=Trypsin;AC=MS:1001251	NT=HCD;AC=PRIDE:0000590	5 ppm	10 ppm	1	wAP0029.raw	oocyte
MSV000093870-SC-0025	homo sapiens	ovary	not applicable	not applicable	oocyte	25	cell	wAP0030_mTRAQ0	proteomic profiling by mass spectrometry	NT=Q Exactive;AC=MS:1001911	AC=UNIMOD:888;NT=MTRAQ0	1	NT=Data-Independent Acquisition;AC=NCIT:C161786	NT=Carbamidomethyl;MT=Fixed;TA=C;AC=UNIMOD:4	NT=Oxidation;MT=Variable;TA=M;AC=UNIMOD:35	NT=Acetyl;MT=Variable;TA=N-term;AC=UNIMOD:1	not available	NT=Trypsin;AC=MS:1001251	NT=HCD;AC=PRIDE:0000590	5 ppm	10 ppm	1	wAP0030.raw	oocyte
MSV000093870-SC-0026	homo sapiens	ovary	not applicable	not applicable	oocyte	26	cell	wAP0030_mTRAQ4	proteomic profiling by mass spectrometry	NT=Q Exactive;AC=MS:1001911	AC=UNIMOD:889;NT=MTRAQ4	1	NT=Data-Independent Acquisition;AC=NCIT:C161786	NT=Carbamidomethyl;MT=Fixed;TA=C;AC=UNIMOD:4	NT=Oxidation;MT=Variable;TA=M;AC=UNIMOD:35	NT=Acetyl;MT=Variable;TA=N-term;AC=UNIMOD:1	not available	NT=Trypsin;AC=MS:1001251	NT=HCD;AC=PRIDE:0000590	5 ppm	10 ppm	1	wAP0030.raw	oocyte
MSV000093870-SC-0027	homo sapiens	ovary	not applicable	not applicable	oocyte	27	cell	wAP0030_mTRAQ8	proteomic profiling by mass spectrometry	NT=Q Exactive;AC=MS:1001911	AC=UNIMOD:1302;NT=MTRAQ8	1	NT=Data-Independent Acquisition;AC=NCIT:C161786	NT=Carbamidomethyl;MT=Fixed;TA=C;AC=UNIMOD:4	NT=Oxidation;MT=Variable;TA=M;AC=UNIMOD:35	NT=Acetyl;MT=Variable;TA=N-term;AC=UNIMOD:1	not available	NT=Trypsin;AC=MS:1001251	NT=HCD;AC=PRIDE:0000590	5 ppm	10 ppm	1	wAP0030.raw	oocyte
MSV000093870-SC-0028	homo sapiens	ovary	not applicable	not applicable	oocyte	28	cell	wAP0031_mTRAQ0	proteomic profiling by mass spectrometry	NT=Q Exactive;AC=MS:1001911	AC=UNIMOD:888;NT=MTRAQ0	1	NT=Data-Independent Acquisition;AC=NCIT:C161786	NT=Carbamidomethyl;MT=Fixed;TA=C;AC=UNIMOD:4	NT=Oxidation;MT=Variable;TA=M;AC=UNIMOD:35	NT=Acetyl;MT=Variable;TA=N-term;AC=UNIMOD:1	not available	NT=Trypsin;AC=MS:1001251	NT=HCD;AC=PRIDE:0000590	5 ppm	10 ppm	1	wAP0031.raw	oocyte
MSV000093870-SC-0029	homo sapiens	ovary	not applicable	not applicable	oocyte	29	cell	wAP0031_mTRAQ4	proteomic profiling by mass spectrometry	NT=Q Exactive;AC=MS:1001911	AC=UNIMOD:889;NT=MTRAQ4	1	NT=Data-Independent Acquisition;AC=NCIT:C161786	NT=Carbamidomethyl;MT=Fixed;TA=C;AC=UNIMOD:4	NT=Oxidation;MT=Variable;TA=M;AC=UNIMOD:35	NT=Acetyl;MT=Variable;TA=N-term;AC=UNIMOD:1	not available	NT=Trypsin;AC=MS:1001251	NT=HCD;AC=PRIDE:0000590	5 ppm	10 ppm	1	wAP0031.raw	oocyte
MSV000093870-SC-0030	homo sapiens	ovary	not applicable	not applicable	oocyte	30	cell	wAP0031_mTRAQ8	proteomic profiling by mass spectrometry	NT=Q Exactive;AC=MS:1001911	AC=UNIMOD:1302;NT=MTRAQ8	1	NT=Data-Independent Acquisition;AC=NCIT:C161786	NT=Carbamidomethyl;MT=Fixed;TA=C;AC=UNIMOD:4	NT=Oxidation;MT=Variable;TA=M;AC=UNIMOD:35	NT=Acetyl;MT=Variable;TA=N-term;AC=UNIMOD:1	not available	NT=Trypsin;AC=MS:1001251	NT=HCD;AC=PRIDE:0000590	5 ppm	10 ppm	1	wAP0031.raw	oocyte
MSV000093870-SC-0031	homo sapiens	ovary	not applicable	not applicable	oocyte	31	cell	wAP0032_mTRAQ0	proteomic profiling by mass spectrometry	NT=Q Exactive;AC=MS:1001911	AC=UNIMOD:888;NT=MTRAQ0	1	NT=Data-Independent Acquisition;AC=NCIT:C161786	NT=Carbamidomethyl;MT=Fixed;TA=C;AC=UNIMOD:4	NT=Oxidation;MT=Variable;TA=M;AC=UNIMOD:35	NT=Acetyl;MT=Variable;TA=N-term;AC=UNIMOD:1	not available	NT=Trypsin;AC=MS:1001251	NT=HCD;AC=PRIDE:0000590	5 ppm	10 ppm	1	wAP0032.raw	oocyte
MSV000093870-SC-0032	homo sapiens	ovary	not applicable	not applicable	oocyte	32	cell	wAP0032_mTRAQ4	proteomic profiling by mass spectrometry	NT=Q Exactive;AC=MS:1001911	AC=UNIMOD:889;NT=MTRAQ4	1	NT=Data-Independent Acquisition;AC=NCIT:C161786	NT=Carbamidomethyl;MT=Fixed;TA=C;AC=UNIMOD:4	NT=Oxidation;MT=Variable;TA=M;AC=UNIMOD:35	NT=Acetyl;MT=Variable;TA=N-term;AC=UNIMOD:1	not available	NT=Trypsin;AC=MS:1001251	NT=HCD;AC=PRIDE:0000590	5 ppm	10 ppm	1	wAP0032.raw	oocyte
MSV000093870-SC-0033	homo sapiens	ovary	not applicable	not applicable	oocyte	33	cell	wAP0032_mTRAQ8	proteomic profiling by mass spectrometry	NT=Q Exactive;AC=MS:1001911	AC=UNIMOD:1302;NT=MTRAQ8	1	NT=Data-Independent Acquisition;AC=NCIT:C161786	NT=Carbamidomethyl;MT=Fixed;TA=C;AC=UNIMOD:4	NT=Oxidation;MT=Variable;TA=M;AC=UNIMOD:35	NT=Acetyl;MT=Variable;TA=N-term;AC=UNIMOD:1	not available	NT=Trypsin;AC=MS:1001251	NT=HCD;AC=PRIDE:0000590	5 ppm	10 ppm	1	wAP0032.raw	oocyte
MSV000093870-SC-0034	homo sapiens	ovary	not applicable	not applicable	oocyte	34	cell	wAP0033_mTRAQ0	proteomic profiling by mass spectrometry	NT=Q Exactive;AC=MS:1001911	AC=UNIMOD:888;NT=MTRAQ0	1	NT=Data-Independent Acquisition;AC=NCIT:C161786	NT=Carbamidomethyl;MT=Fixed;TA=C;AC=UNIMOD:4	NT=Oxidation;MT=Variable;TA=M;AC=UNIMOD:35	NT=Acetyl;MT=Variable;TA=N-term;AC=UNIMOD:1	not available	NT=Trypsin;AC=MS:1001251	NT=HCD;AC=PRIDE:0000590	5 ppm	10 ppm	1	wAP0033.raw	oocyte
MSV000093870-SC-0035	homo sapiens	ovary	not applicable	not applicable	oocyte	35	cell	wAP0033_mTRAQ4	proteomic profiling by mass spectrometry	NT=Q Exactive;AC=MS:1001911	AC=UNIMOD:889;NT=MTRAQ4	1	NT=Data-Independent Acquisition;AC=NCIT:C161786	NT=Carbamidomethyl;MT=Fixed;TA=C;AC=UNIMOD:4	NT=Oxidation;MT=Variable;TA=M;AC=UNIMOD:35	NT=Acetyl;MT=Variable;TA=N-term;AC=UNIMOD:1	not available	NT=Trypsin;AC=MS:1001251	NT=HCD;AC=PRIDE:0000590	5 ppm	10 ppm	1	wAP0033.raw	oocyte
MSV000093870-SC-0036	homo sapiens	ovary	not applicable	not applicable	oocyte	36	cell	wAP0033_mTRAQ8	proteomic profiling by mass spectrometry	NT=Q Exactive;AC=MS:1001911	AC=UNIMOD:1302;NT=MTRAQ8	1	NT=Data-Independent Acquisition;AC=NCIT:C161786	NT=Carbamidomethyl;MT=Fixed;TA=C;AC=UNIMOD:4	NT=Oxidation;MT=Variable;TA=M;AC=UNIMOD:35	NT=Acetyl;MT=Variable;TA=N-term;AC=UNIMOD:1	not available	NT=Trypsin;AC=MS:1001251	NT=HCD;AC=PRIDE:0000590	5 ppm	10 ppm	1	wAP0033.raw	oocyte
MSV000093870-SC-0037	homo sapiens	ovary	not applicable	not applicable	oocyte	37	cell	wAP0034_mTRAQ0	proteomic profiling by mass spectrometry	NT=Q Exactive;AC=MS:1001911	AC=UNIMOD:888;NT=MTRAQ0	1	NT=Data-Independent Acquisition;AC=NCIT:C161786	NT=Carbamidomethyl;MT=Fixed;TA=C;AC=UNIMOD:4	NT=Oxidation;MT=Variable;TA=M;AC=UNIMOD:35	NT=Acetyl;MT=Variable;TA=N-term;AC=UNIMOD:1	not available	NT=Trypsin;AC=MS:1001251	NT=HCD;AC=PRIDE:0000590	5 ppm	10 ppm	1	wAP0034.raw	oocyte
MSV000093870-SC-0038	homo sapiens	ovary	not applicable	not applicable	oocyte	38	cell	wAP0034_mTRAQ4	proteomic profiling by mass spectrometry	NT=Q Exactive;AC=MS:1001911	AC=UNIMOD:889;NT=MTRAQ4	1	NT=Data-Independent Acquisition;AC=NCIT:C161786	NT=Carbamidomethyl;MT=Fixed;TA=C;AC=UNIMOD:4	NT=Oxidation;MT=Variable;TA=M;AC=UNIMOD:35	NT=Acetyl;MT=Variable;TA=N-term;AC=UNIMOD:1	not available	NT=Trypsin;AC=MS:1001251	NT=HCD;AC=PRIDE:0000590	5 ppm	10 ppm	1	wAP0034.raw	oocyte
MSV000093870-SC-0039	homo sapiens	ovary	not applicable	not applicable	oocyte	39	cell	wAP0034_mTRAQ8	proteomic profiling by mass spectrometry	NT=Q Exactive;AC=MS:1001911	AC=UNIMOD:1302;NT=MTRAQ8	1	NT=Data-Independent Acquisition;AC=NCIT:C161786	NT=Carbamidomethyl;MT=Fixed;TA=C;AC=UNIMOD:4	NT=Oxidation;MT=Variable;TA=M;AC=UNIMOD:35	NT=Acetyl;MT=Variable;TA=N-term;AC=UNIMOD:1	not available	NT=Trypsin;AC=MS:1001251	NT=HCD;AC=PRIDE:0000590	5 ppm	10 ppm	1	wAP0034.raw	oocyte
MSV000093870-SC-0040	homo sapiens	ovary	not applicable	not applicable	oocyte	40	cell	wAP0035_mTRAQ0	proteomic profiling by mass spectrometry	NT=Q Exactive;AC=MS:1001911	AC=UNIMOD:888;NT=MTRAQ0	1	NT=Data-Independent Acquisition;AC=NCIT:C161786	NT=Carbamidomethyl;MT=Fixed;TA=C;AC=UNIMOD:4	NT=Oxidation;MT=Variable;TA=M;AC=UNIMOD:35	NT=Acetyl;MT=Variable;TA=N-term;AC=UNIMOD:1	not available	NT=Trypsin;AC=MS:1001251	NT=HCD;AC=PRIDE:0000590	5 ppm	10 ppm	1	wAP0035.raw	oocyte
MSV000093870-SC-0041	homo sapiens	ovary	not applicable	not applicable	oocyte	41	cell	wAP0035_mTRAQ4	proteomic profiling by mass spectrometry	NT=Q Exactive;AC=MS:1001911	AC=UNIMOD:889;NT=MTRAQ4	1	NT=Data-Independent Acquisition;AC=NCIT:C161786	NT=Carbamidomethyl;MT=Fixed;TA=C;AC=UNIMOD:4	NT=Oxidation;MT=Variable;TA=M;AC=UNIMOD:35	NT=Acetyl;MT=Variable;TA=N-term;AC=UNIMOD:1	not available	NT=Trypsin;AC=MS:1001251	NT=HCD;AC=PRIDE:0000590	5 ppm	10 ppm	1	wAP0035.raw	oocyte
MSV000093870-SC-0042	homo sapiens	ovary	not applicable	not applicable	oocyte	42	cell	wAP0035_mTRAQ8	proteomic profiling by mass spectrometry	NT=Q Exactive;AC=MS:1001911	AC=UNIMOD:1302;NT=MTRAQ8	1	NT=Data-Independent Acquisition;AC=NCIT:C161786	NT=Carbamidomethyl;MT=Fixed;TA=C;AC=UNIMOD:4	NT=Oxidation;MT=Variable;TA=M;AC=UNIMOD:35	NT=Acetyl;MT=Variable;TA=N-term;AC=UNIMOD:1	not available	NT=Trypsin;AC=MS:1001251	NT=HCD;AC=PRIDE:0000590	5 ppm	10 ppm	1	wAP0035.raw	oocyte
MSV000093870-SC-0043	homo sapiens	ovary	not applicable	not applicable	oocyte	43	cell	wAP0036_mTRAQ0	proteomic profiling by mass spectrometry	NT=Q Exactive;AC=MS:1001911	AC=UNIMOD:888;NT=MTRAQ0	1	NT=Data-Independent Acquisition;AC=NCIT:C161786	NT=Carbamidomethyl;MT=Fixed;TA=C;AC=UNIMOD:4	NT=Oxidation;MT=Variable;TA=M;AC=UNIMOD:35	NT=Acetyl;MT=Variable;TA=N-term;AC=UNIMOD:1	not available	NT=Trypsin;AC=MS:1001251	NT=HCD;AC=PRIDE:0000590	5 ppm	10 ppm	1	wAP0036.raw	oocyte
MSV000093870-SC-0044	homo sapiens	ovary	not applicable	not applicable	oocyte	44	cell	wAP0036_mTRAQ4	proteomic profiling by mass spectrometry	NT=Q Exactive;AC=MS:1001911	AC=UNIMOD:889;NT=MTRAQ4	1	NT=Data-Independent Acquisition;AC=NCIT:C161786	NT=Carbamidomethyl;MT=Fixed;TA=C;AC=UNIMOD:4	NT=Oxidation;MT=Variable;TA=M;AC=UNIMOD:35	NT=Acetyl;MT=Variable;TA=N-term;AC=UNIMOD:1	not available	NT=Trypsin;AC=MS:1001251	NT=HCD;AC=PRIDE:0000590	5 ppm	10 ppm	1	wAP0036.raw	oocyte
MSV000093870-SC-0045	homo sapiens	ovary	not applicable	not applicable	oocyte	45	cell	wAP0036_mTRAQ8	proteomic profiling by mass spectrometry	NT=Q Exactive;AC=MS:1001911	AC=UNIMOD:1302;NT=MTRAQ8	1	NT=Data-Independent Acquisition;AC=NCIT:C161786	NT=Carbamidomethyl;MT=Fixed;TA=C;AC=UNIMOD:4	NT=Oxidation;MT=Variable;TA=M;AC=UNIMOD:35	NT=Acetyl;MT=Variable;TA=N-term;AC=UNIMOD:1	not available	NT=Trypsin;AC=MS:1001251	NT=HCD;AC=PRIDE:0000590	5 ppm	10 ppm	1	wAP0036.raw	oocyte
MSV000093870-SC-0046	homo sapiens	ovary	not applicable	not applicable	oocyte	46	cell	wAP0037_mTRAQ0	proteomic profiling by mass spectrometry	NT=Q Exactive;AC=MS:1001911	AC=UNIMOD:888;NT=MTRAQ0	1	NT=Data-Independent Acquisition;AC=NCIT:C161786	NT=Carbamidomethyl;MT=Fixed;TA=C;AC=UNIMOD:4	NT=Oxidation;MT=Variable;TA=M;AC=UNIMOD:35	NT=Acetyl;MT=Variable;TA=N-term;AC=UNIMOD:1	not available	NT=Trypsin;AC=MS:1001251	NT=HCD;AC=PRIDE:0000590	5 ppm	10 ppm	1	wAP0037.raw	oocyte
MSV000093870-SC-0047	homo sapiens	ovary	not applicable	not applicable	oocyte	47	cell	wAP0037_mTRAQ4	proteomic profiling by mass spectrometry	NT=Q Exactive;AC=MS:1001911	AC=UNIMOD:889;NT=MTRAQ4	1	NT=Data-Independent Acquisition;AC=NCIT:C161786	NT=Carbamidomethyl;MT=Fixed;TA=C;AC=UNIMOD:4	NT=Oxidation;MT=Variable;TA=M;AC=UNIMOD:35	NT=Acetyl;MT=Variable;TA=N-term;AC=UNIMOD:1	not available	NT=Trypsin;AC=MS:1001251	NT=HCD;AC=PRIDE:0000590	5 ppm	10 ppm	1	wAP0037.raw	oocyte
MSV000093870-SC-0048	homo sapiens	ovary	not applicable	not applicable	oocyte	48	cell	wAP0037_mTRAQ8	proteomic profiling by mass spectrometry	NT=Q Exactive;AC=MS:1001911	AC=UNIMOD:1302;NT=MTRAQ8	1	NT=Data-Independent Acquisition;AC=NCIT:C161786	NT=Carbamidomethyl;MT=Fixed;TA=C;AC=UNIMOD:4	NT=Oxidation;MT=Variable;TA=M;AC=UNIMOD:35	NT=Acetyl;MT=Variable;TA=N-term;AC=UNIMOD:1	not available	NT=Trypsin;AC=MS:1001251	NT=HCD;AC=PRIDE:0000590	5 ppm	10 ppm	1	wAP0037.raw	oocyte
MSV000093870-SC-0049	homo sapiens	ovary	not applicable	not applicable	oocyte	49	cell	wAP0038_mTRAQ0	proteomic profiling by mass spectrometry	NT=Q Exactive;AC=MS:1001911	AC=UNIMOD:888;NT=MTRAQ0	1	NT=Data-Independent Acquisition;AC=NCIT:C161786	NT=Carbamidomethyl;MT=Fixed;TA=C;AC=UNIMOD:4	NT=Oxidation;MT=Variable;TA=M;AC=UNIMOD:35	NT=Acetyl;MT=Variable;TA=N-term;AC=UNIMOD:1	not available	NT=Trypsin;AC=MS:1001251	NT=HCD;AC=PRIDE:0000590	5 ppm	10 ppm	1	wAP0038.raw	oocyte
MSV000093870-SC-0050	homo sapiens	ovary	not applicable	not applicable	oocyte	50	cell	wAP0038_mTRAQ4	proteomic profiling by mass spectrometry	NT=Q Exactive;AC=MS:1001911	AC=UNIMOD:889;NT=MTRAQ4	1	NT=Data-Independent Acquisition;AC=NCIT:C161786	NT=Carbamidomethyl;MT=Fixed;TA=C;AC=UNIMOD:4	NT=Oxidation;MT=Variable;TA=M;AC=UNIMOD:35	NT=Acetyl;MT=Variable;TA=N-term;AC=UNIMOD:1	not available	NT=Trypsin;AC=MS:1001251	NT=HCD;AC=PRIDE:0000590	5 ppm	10 ppm	1	wAP0038.raw	oocyte
MSV000093870-SC-0051	homo sapiens	ovary	not applicable	not applicable	oocyte	51	cell	wAP0038_mTRAQ8	proteomic profiling by mass spectrometry	NT=Q Exactive;AC=MS:1001911	AC=UNIMOD:1302;NT=MTRAQ8	1	NT=Data-Independent Acquisition;AC=NCIT:C161786	NT=Carbamidomethyl;MT=Fixed;TA=C;AC=UNIMOD:4	NT=Oxidation;MT=Variable;TA=M;AC=UNIMOD:35	NT=Acetyl;MT=Variable;TA=N-term;AC=UNIMOD:1	not available	NT=Trypsin;AC=MS:1001251	NT=HCD;AC=PRIDE:0000590	5 ppm	10 ppm	1	wAP0038.raw	oocyte
MSV000093870-SC-0052	homo sapiens	ovary	not applicable	not applicable	oocyte	52	cell	wAP0039_mTRAQ0	proteomic profiling by mass spectrometry	NT=Q Exactive;AC=MS:1001911	AC=UNIMOD:888;NT=MTRAQ0	1	NT=Data-Independent Acquisition;AC=NCIT:C161786	NT=Carbamidomethyl;MT=Fixed;TA=C;AC=UNIMOD:4	NT=Oxidation;MT=Variable;TA=M;AC=UNIMOD:35	NT=Acetyl;MT=Variable;TA=N-term;AC=UNIMOD:1	not available	NT=Trypsin;AC=MS:1001251	NT=HCD;AC=PRIDE:0000590	5 ppm	10 ppm	1	wAP0039.raw	oocyte
MSV000093870-SC-0053	homo sapiens	ovary	not applicable	not applicable	oocyte	53	cell	wAP0039_mTRAQ4	proteomic profiling by mass spectrometry	NT=Q Exactive;AC=MS:1001911	AC=UNIMOD:889;NT=MTRAQ4	1	NT=Data-Independent Acquisition;AC=NCIT:C161786	NT=Carbamidomethyl;MT=Fixed;TA=C;AC=UNIMOD:4	NT=Oxidation;MT=Variable;TA=M;AC=UNIMOD:35	NT=Acetyl;MT=Variable;TA=N-term;AC=UNIMOD:1	not available	NT=Trypsin;AC=MS:1001251	NT=HCD;AC=PRIDE:0000590	5 ppm	10 ppm	1	wAP0039.raw	oocyte
MSV000093870-SC-0054	homo sapiens	ovary	not applicable	not applicable	oocyte	54	cell	wAP0039_mTRAQ8	proteomic profiling by mass spectrometry	NT=Q Exactive;AC=MS:1001911	AC=UNIMOD:1302;NT=MTRAQ8	1	NT=Data-Independent Acquisition;AC=NCIT:C161786	NT=Carbamidomethyl;MT=Fixed;TA=C;AC=UNIMOD:4	NT=Oxidation;MT=Variable;TA=M;AC=UNIMOD:35	NT=Acetyl;MT=Variable;TA=N-term;AC=UNIMOD:1	not available	NT=Trypsin;AC=MS:1001251	NT=HCD;AC=PRIDE:0000590	5 ppm	10 ppm	1	wAP0039.raw	oocyte
MSV000093870-SC-0055	homo sapiens	ovary	not applicable	not applicable	oocyte	55	cell	wAP0040_mTRAQ0	proteomic profiling by mass spectrometry	NT=Q Exactive;AC=MS:1001911	AC=UNIMOD:888;NT=MTRAQ0	1	NT=Data-Independent Acquisition;AC=NCIT:C161786	NT=Carbamidomethyl;MT=Fixed;TA=C;AC=UNIMOD:4	NT=Oxidation;MT=Variable;TA=M;AC=UNIMOD:35	NT=Acetyl;MT=Variable;TA=N-term;AC=UNIMOD:1	not available	NT=Trypsin;AC=MS:1001251	NT=HCD;AC=PRIDE:0000590	5 ppm	10 ppm	1	wAP0040.raw	oocyte
MSV000093870-SC-0056	homo sapiens	ovary	not applicable	not applicable	oocyte	56	cell	wAP0040_mTRAQ4	proteomic profiling by mass spectrometry	NT=Q Exactive;AC=MS:1001911	AC=UNIMOD:889;NT=MTRAQ4	1	NT=Data-Independent Acquisition;AC=NCIT:C161786	NT=Carbamidomethyl;MT=Fixed;TA=C;AC=UNIMOD:4	NT=Oxidation;MT=Variable;TA=M;AC=UNIMOD:35	NT=Acetyl;MT=Variable;TA=N-term;AC=UNIMOD:1	not available	NT=Trypsin;AC=MS:1001251	NT=HCD;AC=PRIDE:0000590	5 ppm	10 ppm	1	wAP0040.raw	oocyte
MSV000093870-SC-0057	homo sapiens	ovary	not applicable	not applicable	oocyte	57	cell	wAP0040_mTRAQ8	proteomic profiling by mass spectrometry	NT=Q Exactive;AC=MS:1001911	AC=UNIMOD:1302;NT=MTRAQ8	1	NT=Data-Independent Acquisition;AC=NCIT:C161786	NT=Carbamidomethyl;MT=Fixed;TA=C;AC=UNIMOD:4	NT=Oxidation;MT=Variable;TA=M;AC=UNIMOD:35	NT=Acetyl;MT=Variable;TA=N-term;AC=UNIMOD:1	not available	NT=Trypsin;AC=MS:1001251	NT=HCD;AC=PRIDE:0000590	5 ppm	10 ppm	1	wAP0040.raw	oocyte
MSV000093870-SC-0058	homo sapiens	ovary	not applicable	not applicable	oocyte	58	cell	wAP0041_mTRAQ0	proteomic profiling by mass spectrometry	NT=Q Exactive;AC=MS:1001911	AC=UNIMOD:888;NT=MTRAQ0	1	NT=Data-Independent Acquisition;AC=NCIT:C161786	NT=Carbamidomethyl;MT=Fixed;TA=C;AC=UNIMOD:4	NT=Oxidation;MT=Variable;TA=M;AC=UNIMOD:35	NT=Acetyl;MT=Variable;TA=N-term;AC=UNIMOD:1	not available	NT=Trypsin;AC=MS:1001251	NT=HCD;AC=PRIDE:0000590	5 ppm	10 ppm	1	wAP0041.raw	oocyte
MSV000093870-SC-0059	homo sapiens	ovary	not applicable	not applicable	oocyte	59	cell	wAP0041_mTRAQ4	proteomic profiling by mass spectrometry	NT=Q Exactive;AC=MS:1001911	AC=UNIMOD:889;NT=MTRAQ4	1	NT=Data-Independent Acquisition;AC=NCIT:C161786	NT=Carbamidomethyl;MT=Fixed;TA=C;AC=UNIMOD:4	NT=Oxidation;MT=Variable;TA=M;AC=UNIMOD:35	NT=Acetyl;MT=Variable;TA=N-term;AC=UNIMOD:1	not available	NT=Trypsin;AC=MS:1001251	NT=HCD;AC=PRIDE:0000590	5 ppm	10 ppm	1	wAP0041.raw	oocyte
MSV000093870-SC-0060	homo sapiens	ovary	not applicable	not applicable	oocyte	60	cell	wAP0041_mTRAQ8	proteomic profiling by mass spectrometry	NT=Q Exactive;AC=MS:1001911	AC=UNIMOD:1302;NT=MTRAQ8	1	NT=Data-Independent Acquisition;AC=NCIT:C161786	NT=Carbamidomethyl;MT=Fixed;TA=C;AC=UNIMOD:4	NT=Oxidation;MT=Variable;TA=M;AC=UNIMOD:35	NT=Acetyl;MT=Variable;TA=N-term;AC=UNIMOD:1	not available	NT=Trypsin;AC=MS:1001251	NT=HCD;AC=PRIDE:0000590	5 ppm	10 ppm	1	wAP0041.raw	oocyte
MSV000093870-SC-0061	homo sapiens	ovary	not applicable	not applicable	oocyte	61	cell	wAP0042_mTRAQ0	proteomic profiling by mass spectrometry	NT=Q Exactive;AC=MS:1001911	AC=UNIMOD:888;NT=MTRAQ0	1	NT=Data-Independent Acquisition;AC=NCIT:C161786	NT=Carbamidomethyl;MT=Fixed;TA=C;AC=UNIMOD:4	NT=Oxidation;MT=Variable;TA=M;AC=UNIMOD:35	NT=Acetyl;MT=Variable;TA=N-term;AC=UNIMOD:1	not available	NT=Trypsin;AC=MS:1001251	NT=HCD;AC=PRIDE:0000590	5 ppm	10 ppm	1	wAP0042.raw	oocyte
MSV000093870-SC-0062	homo sapiens	ovary	not applicable	not applicable	oocyte	62	cell	wAP0042_mTRAQ4	proteomic profiling by mass spectrometry	NT=Q Exactive;AC=MS:1001911	AC=UNIMOD:889;NT=MTRAQ4	1	NT=Data-Independent Acquisition;AC=NCIT:C161786	NT=Carbamidomethyl;MT=Fixed;TA=C;AC=UNIMOD:4	NT=Oxidation;MT=Variable;TA=M;AC=UNIMOD:35	NT=Acetyl;MT=Variable;TA=N-term;AC=UNIMOD:1	not available	NT=Trypsin;AC=MS:1001251	NT=HCD;AC=PRIDE:0000590	5 ppm	10 ppm	1	wAP0042.raw	oocyte
MSV000093870-SC-0063	homo sapiens	ovary	not applicable	not applicable	oocyte	63	cell	wAP0042_mTRAQ8	proteomic profiling by mass spectrometry	NT=Q Exactive;AC=MS:1001911	AC=UNIMOD:1302;NT=MTRAQ8	1	NT=Data-Independent Acquisition;AC=NCIT:C161786	NT=Carbamidomethyl;MT=Fixed;TA=C;AC=UNIMOD:4	NT=Oxidation;MT=Variable;TA=M;AC=UNIMOD:35	NT=Acetyl;MT=Variable;TA=N-term;AC=UNIMOD:1	not available	NT=Trypsin;AC=MS:1001251	NT=HCD;AC=PRIDE:0000590	5 ppm	10 ppm	1	wAP0042.raw	oocyte
MSV000093870-SC-0064	homo sapiens	ovary	not applicable	not applicable	oocyte	64	cell	wAP0043_mTRAQ0	proteomic profiling by mass spectrometry	NT=Q Exactive;AC=MS:1001911	AC=UNIMOD:888;NT=MTRAQ0	1	NT=Data-Independent Acquisition;AC=NCIT:C161786	NT=Carbamidomethyl;MT=Fixed;TA=C;AC=UNIMOD:4	NT=Oxidation;MT=Variable;TA=M;AC=UNIMOD:35	NT=Acetyl;MT=Variable;TA=N-term;AC=UNIMOD:1	not available	NT=Trypsin;AC=MS:1001251	NT=HCD;AC=PRIDE:0000590	5 ppm	10 ppm	1	wAP0043.raw	oocyte
MSV000093870-SC-0065	homo sapiens	ovary	not applicable	not applicable	oocyte	65	cell	wAP0043_mTRAQ4	proteomic profiling by mass spectrometry	NT=Q Exactive;AC=MS:1001911	AC=UNIMOD:889;NT=MTRAQ4	1	NT=Data-Independent Acquisition;AC=NCIT:C161786	NT=Carbamidomethyl;MT=Fixed;TA=C;AC=UNIMOD:4	NT=Oxidation;MT=Variable;TA=M;AC=UNIMOD:35	NT=Acetyl;MT=Variable;TA=N-term;AC=UNIMOD:1	not available	NT=Trypsin;AC=MS:1001251	NT=HCD;AC=PRIDE:0000590	5 ppm	10 ppm	1	wAP0043.raw	oocyte
MSV000093870-SC-0066	homo sapiens	ovary	not applicable	not applicable	oocyte	66	cell	wAP0043_mTRAQ8	proteomic profiling by mass spectrometry	NT=Q Exactive;AC=MS:1001911	AC=UNIMOD:1302;NT=MTRAQ8	1	NT=Data-Independent Acquisition;AC=NCIT:C161786	NT=Carbamidomethyl;MT=Fixed;TA=C;AC=UNIMOD:4	NT=Oxidation;MT=Variable;TA=M;AC=UNIMOD:35	NT=Acetyl;MT=Variable;TA=N-term;AC=UNIMOD:1	not available	NT=Trypsin;AC=MS:1001251	NT=HCD;AC=PRIDE:0000590	5 ppm	10 ppm	1	wAP0043.raw	oocyte
MSV000093870-SC-0067	homo sapiens	ovary	not applicable	not applicable	oocyte	67	cell	wAP0044_mTRAQ0	proteomic profiling by mass spectrometry	NT=Q Exactive;AC=MS:1001911	AC=UNIMOD:888;NT=MTRAQ0	1	NT=Data-Independent Acquisition;AC=NCIT:C161786	NT=Carbamidomethyl;MT=Fixed;TA=C;AC=UNIMOD:4	NT=Oxidation;MT=Variable;TA=M;AC=UNIMOD:35	NT=Acetyl;MT=Variable;TA=N-term;AC=UNIMOD:1	not available	NT=Trypsin;AC=MS:1001251	NT=HCD;AC=PRIDE:0000590	5 ppm	10 ppm	1	wAP0044.raw	oocyte
MSV000093870-SC-0068	homo sapiens	ovary	not applicable	not applicable	oocyte	68	cell	wAP0044_mTRAQ4	proteomic profiling by mass spectrometry	NT=Q Exactive;AC=MS:1001911	AC=UNIMOD:889;NT=MTRAQ4	1	NT=Data-Independent Acquisition;AC=NCIT:C161786	NT=Carbamidomethyl;MT=Fixed;TA=C;AC=UNIMOD:4	NT=Oxidation;MT=Variable;TA=M;AC=UNIMOD:35	NT=Acetyl;MT=Variable;TA=N-term;AC=UNIMOD:1	not available	NT=Trypsin;AC=MS:1001251	NT=HCD;AC=PRIDE:0000590	5 ppm	10 ppm	1	wAP0044.raw	oocyte
MSV000093870-SC-0069	homo sapiens	ovary	not applicable	not applicable	oocyte	69	cell	wAP0044_mTRAQ8	proteomic profiling by mass spectrometry	NT=Q Exactive;AC=MS:1001911	AC=UNIMOD:1302;NT=MTRAQ8	1	NT=Data-Independent Acquisition;AC=NCIT:C161786	NT=Carbamidomethyl;MT=Fixed;TA=C;AC=UNIMOD:4	NT=Oxidation;MT=Variable;TA=M;AC=UNIMOD:35	NT=Acetyl;MT=Variable;TA=N-term;AC=UNIMOD:1	not available	NT=Trypsin;AC=MS:1001251	NT=HCD;AC=PRIDE:0000590	5 ppm	10 ppm	1	wAP0044.raw	oocyte
MSV000093870-SC-0070	homo sapiens	ovary	not applicable	not applicable	oocyte	70	cell	wAP0045_mTRAQ0	proteomic profiling by mass spectrometry	NT=Q Exactive;AC=MS:1001911	AC=UNIMOD:888;NT=MTRAQ0	1	NT=Data-Independent Acquisition;AC=NCIT:C161786	NT=Carbamidomethyl;MT=Fixed;TA=C;AC=UNIMOD:4	NT=Oxidation;MT=Variable;TA=M;AC=UNIMOD:35	NT=Acetyl;MT=Variable;TA=N-term;AC=UNIMOD:1	not available	NT=Trypsin;AC=MS:1001251	NT=HCD;AC=PRIDE:0000590	5 ppm	10 ppm	1	wAP0045.raw	oocyte
MSV000093870-SC-0071	homo sapiens	ovary	not applicable	not applicable	oocyte	71	cell	wAP0045_mTRAQ4	proteomic profiling by mass spectrometry	NT=Q Exactive;AC=MS:1001911	AC=UNIMOD:889;NT=MTRAQ4	1	NT=Data-Independent Acquisition;AC=NCIT:C161786	NT=Carbamidomethyl;MT=Fixed;TA=C;AC=UNIMOD:4	NT=Oxidation;MT=Variable;TA=M;AC=UNIMOD:35	NT=Acetyl;MT=Variable;TA=N-term;AC=UNIMOD:1	not available	NT=Trypsin;AC=MS:1001251	NT=HCD;AC=PRIDE:0000590	5 ppm	10 ppm	1	wAP0045.raw	oocyte
MSV000093870-SC-0072	homo sapiens	ovary	not applicable	not applicable	oocyte	72	cell	wAP0045_mTRAQ8	proteomic profiling by mass spectrometry	NT=Q Exactive;AC=MS:1001911	AC=UNIMOD:1302;NT=MTRAQ8	1	NT=Data-Independent Acquisition;AC=NCIT:C161786	NT=Carbamidomethyl;MT=Fixed;TA=C;AC=UNIMOD:4	NT=Oxidation;MT=Variable;TA=M;AC=UNIMOD:35	NT=Acetyl;MT=Variable;TA=N-term;AC=UNIMOD:1	not available	NT=Trypsin;AC=MS:1001251	NT=HCD;AC=PRIDE:0000590	5 ppm	10 ppm	1	wAP0045.raw	oocyte
MSV000093870-SC-0073	homo sapiens	ovary	not applicable	not applicable	oocyte	73	cell	wAP0046_mTRAQ0	proteomic profiling by mass spectrometry	NT=Q Exactive;AC=MS:1001911	AC=UNIMOD:888;NT=MTRAQ0	1	NT=Data-Independent Acquisition;AC=NCIT:C161786	NT=Carbamidomethyl;MT=Fixed;TA=C;AC=UNIMOD:4	NT=Oxidation;MT=Variable;TA=M;AC=UNIMOD:35	NT=Acetyl;MT=Variable;TA=N-term;AC=UNIMOD:1	not available	NT=Trypsin;AC=MS:1001251	NT=HCD;AC=PRIDE:0000590	5 ppm	10 ppm	1	wAP0046.raw	oocyte
MSV000093870-SC-0074	homo sapiens	ovary	not applicable	not applicable	oocyte	74	cell	wAP0046_mTRAQ4	proteomic profiling by mass spectrometry	NT=Q Exactive;AC=MS:1001911	AC=UNIMOD:889;NT=MTRAQ4	1	NT=Data-Independent Acquisition;AC=NCIT:C161786	NT=Carbamidomethyl;MT=Fixed;TA=C;AC=UNIMOD:4	NT=Oxidation;MT=Variable;TA=M;AC=UNIMOD:35	NT=Acetyl;MT=Variable;TA=N-term;AC=UNIMOD:1	not available	NT=Trypsin;AC=MS:1001251	NT=HCD;AC=PRIDE:0000590	5 ppm	10 ppm	1	wAP0046.raw	oocyte
MSV000093870-SC-0075	homo sapiens	ovary	not applicable	not applicable	oocyte	75	cell	wAP0046_mTRAQ8	proteomic profiling by mass spectrometry	NT=Q Exactive;AC=MS:1001911	AC=UNIMOD:1302;NT=MTRAQ8	1	NT=Data-Independent Acquisition;AC=NCIT:C161786	NT=Carbamidomethyl;MT=Fixed;TA=C;AC=UNIMOD:4	NT=Oxidation;MT=Variable;TA=M;AC=UNIMOD:35	NT=Acetyl;MT=Variable;TA=N-term;AC=UNIMOD:1	not available	NT=Trypsin;AC=MS:1001251	NT=HCD;AC=PRIDE:0000590	5 ppm	10 ppm	1	wAP0046.raw	oocyte
MSV000093870-SC-0076	homo sapiens	ovary	not applicable	not applicable	oocyte	76	cell	wAP0047_mTRAQ0	proteomic profiling by mass spectrometry	NT=Q Exactive;AC=MS:1001911	AC=UNIMOD:888;NT=MTRAQ0	1	NT=Data-Independent Acquisition;AC=NCIT:C161786	NT=Carbamidomethyl;MT=Fixed;TA=C;AC=UNIMOD:4	NT=Oxidation;MT=Variable;TA=M;AC=UNIMOD:35	NT=Acetyl;MT=Variable;TA=N-term;AC=UNIMOD:1	not available	NT=Trypsin;AC=MS:1001251	NT=HCD;AC=PRIDE:0000590	5 ppm	10 ppm	1	wAP0047.raw	oocyte
MSV000093870-SC-0077	homo sapiens	ovary	not applicable	not applicable	oocyte	77	cell	wAP0047_mTRAQ4	proteomic profiling by mass spectrometry	NT=Q Exactive;AC=MS:1001911	AC=UNIMOD:889;NT=MTRAQ4	1	NT=Data-Independent Acquisition;AC=NCIT:C161786	NT=Carbamidomethyl;MT=Fixed;TA=C;AC=UNIMOD:4	NT=Oxidation;MT=Variable;TA=M;AC=UNIMOD:35	NT=Acetyl;MT=Variable;TA=N-term;AC=UNIMOD:1	not available	NT=Trypsin;AC=MS:1001251	NT=HCD;AC=PRIDE:0000590	5 ppm	10 ppm	1	wAP0047.raw	oocyte
MSV000093870-SC-0078	homo sapiens	ovary	not applicable	not applicable	oocyte	78	cell	wAP0047_mTRAQ8	proteomic profiling by mass spectrometry	NT=Q Exactive;AC=MS:1001911	AC=UNIMOD:1302;NT=MTRAQ8	1	NT=Data-Independent Acquisition;AC=NCIT:C161786	NT=Carbamidomethyl;MT=Fixed;TA=C;AC=UNIMOD:4	NT=Oxidation;MT=Variable;TA=M;AC=UNIMOD:35	NT=Acetyl;MT=Variable;TA=N-term;AC=UNIMOD:1	not available	NT=Trypsin;AC=MS:1001251	NT=HCD;AC=PRIDE:0000590	5 ppm	10 ppm	1	wAP0047.raw	oocyte
MSV000093870-SC-0079	homo sapiens	ovary	not applicable	not applicable	oocyte	79	cell	wAP0048_mTRAQ0	proteomic profiling by mass spectrometry	NT=Q Exactive;AC=MS:1001911	AC=UNIMOD:888;NT=MTRAQ0	1	NT=Data-Independent Acquisition;AC=NCIT:C161786	NT=Carbamidomethyl;MT=Fixed;TA=C;AC=UNIMOD:4	NT=Oxidation;MT=Variable;TA=M;AC=UNIMOD:35	NT=Acetyl;MT=Variable;TA=N-term;AC=UNIMOD:1	not available	NT=Trypsin;AC=MS:1001251	NT=HCD;AC=PRIDE:0000590	5 ppm	10 ppm	1	wAP0048.raw	oocyte
MSV000093870-SC-0080	homo sapiens	ovary	not applicable	not applicable	oocyte	80	cell	wAP0048_mTRAQ4	proteomic profiling by mass spectrometry	NT=Q Exactive;AC=MS:1001911	AC=UNIMOD:889;NT=MTRAQ4	1	NT=Data-Independent Acquisition;AC=NCIT:C161786	NT=Carbamidomethyl;MT=Fixed;TA=C;AC=UNIMOD:4	NT=Oxidation;MT=Variable;TA=M;AC=UNIMOD:35	NT=Acetyl;MT=Variable;TA=N-term;AC=UNIMOD:1	not available	NT=Trypsin;AC=MS:1001251	NT=HCD;AC=PRIDE:0000590	5 ppm	10 ppm	1	wAP0048.raw	oocyte
MSV000093870-SC-0081	homo sapiens	ovary	not applicable	not applicable	oocyte	81	cell	wAP0048_mTRAQ8	proteomic profiling by mass spectrometry	NT=Q Exactive;AC=MS:1001911	AC=UNIMOD:1302;NT=MTRAQ8	1	NT=Data-Independent Acquisition;AC=NCIT:C161786	NT=Carbamidomethyl;MT=Fixed;TA=C;AC=UNIMOD:4	NT=Oxidation;MT=Variable;TA=M;AC=UNIMOD:35	NT=Acetyl;MT=Variable;TA=N-term;AC=UNIMOD:1	not available	NT=Trypsin;AC=MS:1001251	NT=HCD;AC=PRIDE:0000590	5 ppm	10 ppm	1	wAP0048.raw	oocyte
MSV000093870-SC-0082	homo sapiens	ovary	not applicable	not applicable	oocyte	82	cell	wAP0049_mTRAQ0	proteomic profiling by mass spectrometry	NT=Q Exactive;AC=MS:1001911	AC=UNIMOD:888;NT=MTRAQ0	1	NT=Data-Independent Acquisition;AC=NCIT:C161786	NT=Carbamidomethyl;MT=Fixed;TA=C;AC=UNIMOD:4	NT=Oxidation;MT=Variable;TA=M;AC=UNIMOD:35	NT=Acetyl;MT=Variable;TA=N-term;AC=UNIMOD:1	not available	NT=Trypsin;AC=MS:1001251	NT=HCD;AC=PRIDE:0000590	5 ppm	10 ppm	1	wAP0049.raw	oocyte
MSV000093870-SC-0083	homo sapiens	ovary	not applicable	not applicable	oocyte	83	cell	wAP0049_mTRAQ4	proteomic profiling by mass spectrometry	NT=Q Exactive;AC=MS:1001911	AC=UNIMOD:889;NT=MTRAQ4	1	NT=Data-Independent Acquisition;AC=NCIT:C161786	NT=Carbamidomethyl;MT=Fixed;TA=C;AC=UNIMOD:4	NT=Oxidation;MT=Variable;TA=M;AC=UNIMOD:35	NT=Acetyl;MT=Variable;TA=N-term;AC=UNIMOD:1	not available	NT=Trypsin;AC=MS:1001251	NT=HCD;AC=PRIDE:0000590	5 ppm	10 ppm	1	wAP0049.raw	oocyte
MSV000093870-SC-0084	homo sapiens	ovary	not applicable	not applicable	oocyte	84	cell	wAP0049_mTRAQ8	proteomic profiling by mass spectrometry	NT=Q Exactive;AC=MS:1001911	AC=UNIMOD:1302;NT=MTRAQ8	1	NT=Data-Independent Acquisition;AC=NCIT:C161786	NT=Carbamidomethyl;MT=Fixed;TA=C;AC=UNIMOD:4	NT=Oxidation;MT=Variable;TA=M;AC=UNIMOD:35	NT=Acetyl;MT=Variable;TA=N-term;AC=UNIMOD:1	not available	NT=Trypsin;AC=MS:1001251	NT=HCD;AC=PRIDE:0000590	5 ppm	10 ppm	1	wAP0049.raw	oocyte
MSV000093870-SC-0085	homo sapiens	ovary	not applicable	not applicable	oocyte	85	cell	wAP0050_mTRAQ0	proteomic profiling by mass spectrometry	NT=Q Exactive;AC=MS:1001911	AC=UNIMOD:888;NT=MTRAQ0	1	NT=Data-Independent Acquisition;AC=NCIT:C161786	NT=Carbamidomethyl;MT=Fixed;TA=C;AC=UNIMOD:4	NT=Oxidation;MT=Variable;TA=M;AC=UNIMOD:35	NT=Acetyl;MT=Variable;TA=N-term;AC=UNIMOD:1	not available	NT=Trypsin;AC=MS:1001251	NT=HCD;AC=PRIDE:0000590	5 ppm	10 ppm	1	wAP0050.raw	oocyte
MSV000093870-SC-0086	homo sapiens	ovary	not applicable	not applicable	oocyte	86	cell	wAP0050_mTRAQ4	proteomic profiling by mass spectrometry	NT=Q Exactive;AC=MS:1001911	AC=UNIMOD:889;NT=MTRAQ4	1	NT=Data-Independent Acquisition;AC=NCIT:C161786	NT=Carbamidomethyl;MT=Fixed;TA=C;AC=UNIMOD:4	NT=Oxidation;MT=Variable;TA=M;AC=UNIMOD:35	NT=Acetyl;MT=Variable;TA=N-term;AC=UNIMOD:1	not available	NT=Trypsin;AC=MS:1001251	NT=HCD;AC=PRIDE:0000590	5 ppm	10 ppm	1	wAP0050.raw	oocyte
MSV000093870-SC-0087	homo sapiens	ovary	not applicable	not applicable	oocyte	87	cell	wAP0050_mTRAQ8	proteomic profiling by mass spectrometry	NT=Q Exactive;AC=MS:1001911	AC=UNIMOD:1302;NT=MTRAQ8	1	NT=Data-Independent Acquisition;AC=NCIT:C161786	NT=Carbamidomethyl;MT=Fixed;TA=C;AC=UNIMOD:4	NT=Oxidation;MT=Variable;TA=M;AC=UNIMOD:35	NT=Acetyl;MT=Variable;TA=N-term;AC=UNIMOD:1	not available	NT=Trypsin;AC=MS:1001251	NT=HCD;AC=PRIDE:0000590	5 ppm	10 ppm	1	wAP0050.raw	oocyte
MSV000093870-SC-0088	homo sapiens	ovary	not applicable	not applicable	oocyte	88	cell	wAP0051_mTRAQ0	proteomic profiling by mass spectrometry	NT=Q Exactive;AC=MS:1001911	AC=UNIMOD:888;NT=MTRAQ0	1	NT=Data-Independent Acquisition;AC=NCIT:C161786	NT=Carbamidomethyl;MT=Fixed;TA=C;AC=UNIMOD:4	NT=Oxidation;MT=Variable;TA=M;AC=UNIMOD:35	NT=Acetyl;MT=Variable;TA=N-term;AC=UNIMOD:1	not available	NT=Trypsin;AC=MS:1001251	NT=HCD;AC=PRIDE:0000590	5 ppm	10 ppm	1	wAP0051.raw	oocyte
MSV000093870-SC-0089	homo sapiens	ovary	not applicable	not applicable	oocyte	89	cell	wAP0051_mTRAQ4	proteomic profiling by mass spectrometry	NT=Q Exactive;AC=MS:1001911	AC=UNIMOD:889;NT=MTRAQ4	1	NT=Data-Independent Acquisition;AC=NCIT:C161786	NT=Carbamidomethyl;MT=Fixed;TA=C;AC=UNIMOD:4	NT=Oxidation;MT=Variable;TA=M;AC=UNIMOD:35	NT=Acetyl;MT=Variable;TA=N-term;AC=UNIMOD:1	not available	NT=Trypsin;AC=MS:1001251	NT=HCD;AC=PRIDE:0000590	5 ppm	10 ppm	1	wAP0051.raw	oocyte
MSV000093870-SC-0090	homo sapiens	ovary	not applicable	not applicable	oocyte	90	cell	wAP0051_mTRAQ8	proteomic profiling by mass spectrometry	NT=Q Exactive;AC=MS:1001911	AC=UNIMOD:1302;NT=MTRAQ8	1	NT=Data-Independent Acquisition;AC=NCIT:C161786	NT=Carbamidomethyl;MT=Fixed;TA=C;AC=UNIMOD:4	NT=Oxidation;MT=Variable;TA=M;AC=UNIMOD:35	NT=Acetyl;MT=Variable;TA=N-term;AC=UNIMOD:1	not available	NT=Trypsin;AC=MS:1001251	NT=HCD;AC=PRIDE:0000590	5 ppm	10 ppm	1	wAP0051.raw	oocyte
MSV000093870-SC-0091	homo sapiens	ovary	not applicable	not applicable	oocyte	91	cell	wAP0052_mTRAQ0	proteomic profiling by mass spectrometry	NT=Q Exactive;AC=MS:1001911	AC=UNIMOD:888;NT=MTRAQ0	1	NT=Data-Independent Acquisition;AC=NCIT:C161786	NT=Carbamidomethyl;MT=Fixed;TA=C;AC=UNIMOD:4	NT=Oxidation;MT=Variable;TA=M;AC=UNIMOD:35	NT=Acetyl;MT=Variable;TA=N-term;AC=UNIMOD:1	not available	NT=Trypsin;AC=MS:1001251	NT=HCD;AC=PRIDE:0000590	5 ppm	10 ppm	1	wAP0052.raw	oocyte
MSV000093870-SC-0092	homo sapiens	ovary	not applicable	not applicable	oocyte	92	cell	wAP0052_mTRAQ4	proteomic profiling by mass spectrometry	NT=Q Exactive;AC=MS:1001911	AC=UNIMOD:889;NT=MTRAQ4	1	NT=Data-Independent Acquisition;AC=NCIT:C161786	NT=Carbamidomethyl;MT=Fixed;TA=C;AC=UNIMOD:4	NT=Oxidation;MT=Variable;TA=M;AC=UNIMOD:35	NT=Acetyl;MT=Variable;TA=N-term;AC=UNIMOD:1	not available	NT=Trypsin;AC=MS:1001251	NT=HCD;AC=PRIDE:0000590	5 ppm	10 ppm	1	wAP0052.raw	oocyte
MSV000093870-SC-0093	homo sapiens	ovary	not applicable	not applicable	oocyte	93	cell	wAP0052_mTRAQ8	proteomic profiling by mass spectrometry	NT=Q Exactive;AC=MS:1001911	AC=UNIMOD:1302;NT=MTRAQ8	1	NT=Data-Independent Acquisition;AC=NCIT:C161786	NT=Carbamidomethyl;MT=Fixed;TA=C;AC=UNIMOD:4	NT=Oxidation;MT=Variable;TA=M;AC=UNIMOD:35	NT=Acetyl;MT=Variable;TA=N-term;AC=UNIMOD:1	not available	NT=Trypsin;AC=MS:1001251	NT=HCD;AC=PRIDE:0000590	5 ppm	10 ppm	1	wAP0052.raw	oocyte
MSV000093870-SC-0094	homo sapiens	ovary	not applicable	not applicable	oocyte	94	cell	wAP0054_mTRAQ0	proteomic profiling by mass spectrometry	NT=Q Exactive;AC=MS:1001911	AC=UNIMOD:888;NT=MTRAQ0	1	NT=Data-Independent Acquisition;AC=NCIT:C161786	NT=Carbamidomethyl;MT=Fixed;TA=C;AC=UNIMOD:4	NT=Oxidation;MT=Variable;TA=M;AC=UNIMOD:35	NT=Acetyl;MT=Variable;TA=N-term;AC=UNIMOD:1	not available	NT=Trypsin;AC=MS:1001251	NT=HCD;AC=PRIDE:0000590	5 ppm	10 ppm	1	wAP0054.raw	oocyte
MSV000093870-SC-0095	homo sapiens	ovary	not applicable	not applicable	oocyte	95	cell	wAP0054_mTRAQ4	proteomic profiling by mass spectrometry	NT=Q Exactive;AC=MS:1001911	AC=UNIMOD:889;NT=MTRAQ4	1	NT=Data-Independent Acquisition;AC=NCIT:C161786	NT=Carbamidomethyl;MT=Fixed;TA=C;AC=UNIMOD:4	NT=Oxidation;MT=Variable;TA=M;AC=UNIMOD:35	NT=Acetyl;MT=Variable;TA=N-term;AC=UNIMOD:1	not available	NT=Trypsin;AC=MS:1001251	NT=HCD;AC=PRIDE:0000590	5 ppm	10 ppm	1	wAP0054.raw	oocyte
MSV000093870-SC-0096	homo sapiens	ovary	not applicable	not applicable	oocyte	96	cell	wAP0054_mTRAQ8	proteomic profiling by mass spectrometry	NT=Q Exactive;AC=MS:1001911	AC=UNIMOD:1302;NT=MTRAQ8	1	NT=Data-Independent Acquisition;AC=NCIT:C161786	NT=Carbamidomethyl;MT=Fixed;TA=C;AC=UNIMOD:4	NT=Oxidation;MT=Variable;TA=M;AC=UNIMOD:35	NT=Acetyl;MT=Variable;TA=N-term;AC=UNIMOD:1	not available	NT=Trypsin;AC=MS:1001251	NT=HCD;AC=PRIDE:0000590	5 ppm	10 ppm	1	wAP0054.raw	oocyte
MSV000093870-SC-0097	homo sapiens	ovary	not applicable	not applicable	oocyte	97	cell	wAP0055_mTRAQ0	proteomic profiling by mass spectrometry	NT=Q Exactive;AC=MS:1001911	AC=UNIMOD:888;NT=MTRAQ0	1	NT=Data-Independent Acquisition;AC=NCIT:C161786	NT=Carbamidomethyl;MT=Fixed;TA=C;AC=UNIMOD:4	NT=Oxidation;MT=Variable;TA=M;AC=UNIMOD:35	NT=Acetyl;MT=Variable;TA=N-term;AC=UNIMOD:1	not available	NT=Trypsin;AC=MS:1001251	NT=HCD;AC=PRIDE:0000590	5 ppm	10 ppm	1	wAP0055.raw	oocyte
MSV000093870-SC-0098	homo sapiens	ovary	not applicable	not applicable	oocyte	98	cell	wAP0055_mTRAQ4	proteomic profiling by mass spectrometry	NT=Q Exactive;AC=MS:1001911	AC=UNIMOD:889;NT=MTRAQ4	1	NT=Data-Independent Acquisition;AC=NCIT:C161786	NT=Carbamidomethyl;MT=Fixed;TA=C;AC=UNIMOD:4	NT=Oxidation;MT=Variable;TA=M;AC=UNIMOD:35	NT=Acetyl;MT=Variable;TA=N-term;AC=UNIMOD:1	not available	NT=Trypsin;AC=MS:1001251	NT=HCD;AC=PRIDE:0000590	5 ppm	10 ppm	1	wAP0055.raw	oocyte
MSV000093870-SC-0099	homo sapiens	ovary	not applicable	not applicable	oocyte	99	cell	wAP0055_mTRAQ8	proteomic profiling by mass spectrometry	NT=Q Exactive;AC=MS:1001911	AC=UNIMOD:1302;NT=MTRAQ8	1	NT=Data-Independent Acquisition;AC=NCIT:C161786	NT=Carbamidomethyl;MT=Fixed;TA=C;AC=UNIMOD:4	NT=Oxidation;MT=Variable;TA=M;AC=UNIMOD:35	NT=Acetyl;MT=Variable;TA=N-term;AC=UNIMOD:1	not available	NT=Trypsin;AC=MS:1001251	NT=HCD;AC=PRIDE:0000590	5 ppm	10 ppm	1	wAP0055.raw	oocyte
MSV000093870-SC-0100	homo sapiens	ovary	not applicable	not applicable	oocyte	100	cell	wAP0056_mTRAQ0	proteomic profiling by mass spectrometry	NT=Q Exactive;AC=MS:1001911	AC=UNIMOD:888;NT=MTRAQ0	1	NT=Data-Independent Acquisition;AC=NCIT:C161786	NT=Carbamidomethyl;MT=Fixed;TA=C;AC=UNIMOD:4	NT=Oxidation;MT=Variable;TA=M;AC=UNIMOD:35	NT=Acetyl;MT=Variable;TA=N-term;AC=UNIMOD:1	not available	NT=Trypsin;AC=MS:1001251	NT=HCD;AC=PRIDE:0000590	5 ppm	10 ppm	1	wAP0056.raw	oocyte
MSV000093870-SC-0101	homo sapiens	ovary	not applicable	not applicable	oocyte	101	cell	wAP0056_mTRAQ4	proteomic profiling by mass spectrometry	NT=Q Exactive;AC=MS:1001911	AC=UNIMOD:889;NT=MTRAQ4	1	NT=Data-Independent Acquisition;AC=NCIT:C161786	NT=Carbamidomethyl;MT=Fixed;TA=C;AC=UNIMOD:4	NT=Oxidation;MT=Variable;TA=M;AC=UNIMOD:35	NT=Acetyl;MT=Variable;TA=N-term;AC=UNIMOD:1	not available	NT=Trypsin;AC=MS:1001251	NT=HCD;AC=PRIDE:0000590	5 ppm	10 ppm	1	wAP0056.raw	oocyte
MSV000093870-SC-0102	homo sapiens	ovary	not applicable	not applicable	oocyte	102	cell	wAP0056_mTRAQ8	proteomic profiling by mass spectrometry	NT=Q Exactive;AC=MS:1001911	AC=UNIMOD:1302;NT=MTRAQ8	1	NT=Data-Independent Acquisition;AC=NCIT:C161786	NT=Carbamidomethyl;MT=Fixed;TA=C;AC=UNIMOD:4	NT=Oxidation;MT=Variable;TA=M;AC=UNIMOD:35	NT=Acetyl;MT=Variable;TA=N-term;AC=UNIMOD:1	not available	NT=Trypsin;AC=MS:1001251	NT=HCD;AC=PRIDE:0000590	5 ppm	10 ppm	1	wAP0056.raw	oocyte
MSV000093870-SC-0103	homo sapiens	ovary	not applicable	not applicable	oocyte	103	cell	wAP0057_mTRAQ0	proteomic profiling by mass spectrometry	NT=Q Exactive;AC=MS:1001911	AC=UNIMOD:888;NT=MTRAQ0	1	NT=Data-Independent Acquisition;AC=NCIT:C161786	NT=Carbamidomethyl;MT=Fixed;TA=C;AC=UNIMOD:4	NT=Oxidation;MT=Variable;TA=M;AC=UNIMOD:35	NT=Acetyl;MT=Variable;TA=N-term;AC=UNIMOD:1	not available	NT=Trypsin;AC=MS:1001251	NT=HCD;AC=PRIDE:0000590	5 ppm	10 ppm	1	wAP0057.raw	oocyte
MSV000093870-SC-0104	homo sapiens	ovary	not applicable	not applicable	oocyte	104	cell	wAP0057_mTRAQ4	proteomic profiling by mass spectrometry	NT=Q Exactive;AC=MS:1001911	AC=UNIMOD:889;NT=MTRAQ4	1	NT=Data-Independent Acquisition;AC=NCIT:C161786	NT=Carbamidomethyl;MT=Fixed;TA=C;AC=UNIMOD:4	NT=Oxidation;MT=Variable;TA=M;AC=UNIMOD:35	NT=Acetyl;MT=Variable;TA=N-term;AC=UNIMOD:1	not available	NT=Trypsin;AC=MS:1001251	NT=HCD;AC=PRIDE:0000590	5 ppm	10 ppm	1	wAP0057.raw	oocyte
MSV000093870-SC-0105	homo sapiens	ovary	not applicable	not applicable	oocyte	105	cell	wAP0057_mTRAQ8	proteomic profiling by mass spectrometry	NT=Q Exactive;AC=MS:1001911	AC=UNIMOD:1302;NT=MTRAQ8	1	NT=Data-Independent Acquisition;AC=NCIT:C161786	NT=Carbamidomethyl;MT=Fixed;TA=C;AC=UNIMOD:4	NT=Oxidation;MT=Variable;TA=M;AC=UNIMOD:35	NT=Acetyl;MT=Variable;TA=N-term;AC=UNIMOD:1	not available	NT=Trypsin;AC=MS:1001251	NT=HCD;AC=PRIDE:0000590	5 ppm	10 ppm	1	wAP0057.raw	oocyte
MSV000093870-SC-0106	homo sapiens	ovary	not applicable	not applicable	oocyte	106	cell	wAP0058_mTRAQ0	proteomic profiling by mass spectrometry	NT=Q Exactive;AC=MS:1001911	AC=UNIMOD:888;NT=MTRAQ0	1	NT=Data-Independent Acquisition;AC=NCIT:C161786	NT=Carbamidomethyl;MT=Fixed;TA=C;AC=UNIMOD:4	NT=Oxidation;MT=Variable;TA=M;AC=UNIMOD:35	NT=Acetyl;MT=Variable;TA=N-term;AC=UNIMOD:1	not available	NT=Trypsin;AC=MS:1001251	NT=HCD;AC=PRIDE:0000590	5 ppm	10 ppm	1	wAP0058.raw	oocyte
MSV000093870-SC-0107	homo sapiens	ovary	not applicable	not applicable	oocyte	107	cell	wAP0058_mTRAQ4	proteomic profiling by mass spectrometry	NT=Q Exactive;AC=MS:1001911	AC=UNIMOD:889;NT=MTRAQ4	1	NT=Data-Independent Acquisition;AC=NCIT:C161786	NT=Carbamidomethyl;MT=Fixed;TA=C;AC=UNIMOD:4	NT=Oxidation;MT=Variable;TA=M;AC=UNIMOD:35	NT=Acetyl;MT=Variable;TA=N-term;AC=UNIMOD:1	not available	NT=Trypsin;AC=MS:1001251	NT=HCD;AC=PRIDE:0000590	5 ppm	10 ppm	1	wAP0058.raw	oocyte
MSV000093870-SC-0108	homo sapiens	ovary	not applicable	not applicable	oocyte	108	cell	wAP0058_mTRAQ8	proteomic profiling by mass spectrometry	NT=Q Exactive;AC=MS:1001911	AC=UNIMOD:1302;NT=MTRAQ8	1	NT=Data-Independent Acquisition;AC=NCIT:C161786	NT=Carbamidomethyl;MT=Fixed;TA=C;AC=UNIMOD:4	NT=Oxidation;MT=Variable;TA=M;AC=UNIMOD:35	NT=Acetyl;MT=Variable;TA=N-term;AC=UNIMOD:1	not available	NT=Trypsin;AC=MS:1001251	NT=HCD;AC=PRIDE:0000590	5 ppm	10 ppm	1	wAP0058.raw	oocyte
MSV000093870-SC-0109	homo sapiens	ovary	not applicable	not applicable	oocyte	109	cell	wAP0059_mTRAQ0	proteomic profiling by mass spectrometry	NT=Q Exactive;AC=MS:1001911	AC=UNIMOD:888;NT=MTRAQ0	1	NT=Data-Independent Acquisition;AC=NCIT:C161786	NT=Carbamidomethyl;MT=Fixed;TA=C;AC=UNIMOD:4	NT=Oxidation;MT=Variable;TA=M;AC=UNIMOD:35	NT=Acetyl;MT=Variable;TA=N-term;AC=UNIMOD:1	not available	NT=Trypsin;AC=MS:1001251	NT=HCD;AC=PRIDE:0000590	5 ppm	10 ppm	1	wAP0059.raw	oocyte
MSV000093870-SC-0110	homo sapiens	ovary	not applicable	not applicable	oocyte	110	cell	wAP0059_mTRAQ4	proteomic profiling by mass spectrometry	NT=Q Exactive;AC=MS:1001911	AC=UNIMOD:889;NT=MTRAQ4	1	NT=Data-Independent Acquisition;AC=NCIT:C161786	NT=Carbamidomethyl;MT=Fixed;TA=C;AC=UNIMOD:4	NT=Oxidation;MT=Variable;TA=M;AC=UNIMOD:35	NT=Acetyl;MT=Variable;TA=N-term;AC=UNIMOD:1	not available	NT=Trypsin;AC=MS:1001251	NT=HCD;AC=PRIDE:0000590	5 ppm	10 ppm	1	wAP0059.raw	oocyte
MSV000093870-SC-0111	homo sapiens	ovary	not applicable	not applicable	oocyte	111	cell	wAP0059_mTRAQ8	proteomic profiling by mass spectrometry	NT=Q Exactive;AC=MS:1001911	AC=UNIMOD:1302;NT=MTRAQ8	1	NT=Data-Independent Acquisition;AC=NCIT:C161786	NT=Carbamidomethyl;MT=Fixed;TA=C;AC=UNIMOD:4	NT=Oxidation;MT=Variable;TA=M;AC=UNIMOD:35	NT=Acetyl;MT=Variable;TA=N-term;AC=UNIMOD:1	not available	NT=Trypsin;AC=MS:1001251	NT=HCD;AC=PRIDE:0000590	5 ppm	10 ppm	1	wAP0059.raw	oocyte
MSV000093870-SC-0112	homo sapiens	ovary	not applicable	not applicable	oocyte	112	cell	wAP0060_mTRAQ0	proteomic profiling by mass spectrometry	NT=Q Exactive;AC=MS:1001911	AC=UNIMOD:888;NT=MTRAQ0	1	NT=Data-Independent Acquisition;AC=NCIT:C161786	NT=Carbamidomethyl;MT=Fixed;TA=C;AC=UNIMOD:4	NT=Oxidation;MT=Variable;TA=M;AC=UNIMOD:35	NT=Acetyl;MT=Variable;TA=N-term;AC=UNIMOD:1	not available	NT=Trypsin;AC=MS:1001251	NT=HCD;AC=PRIDE:0000590	5 ppm	10 ppm	1	wAP0060.raw	oocyte
MSV000093870-SC-0113	homo sapiens	ovary	not applicable	not applicable	oocyte	113	cell	wAP0060_mTRAQ4	proteomic profiling by mass spectrometry	NT=Q Exactive;AC=MS:1001911	AC=UNIMOD:889;NT=MTRAQ4	1	NT=Data-Independent Acquisition;AC=NCIT:C161786	NT=Carbamidomethyl;MT=Fixed;TA=C;AC=UNIMOD:4	NT=Oxidation;MT=Variable;TA=M;AC=UNIMOD:35	NT=Acetyl;MT=Variable;TA=N-term;AC=UNIMOD:1	not available	NT=Trypsin;AC=MS:1001251	NT=HCD;AC=PRIDE:0000590	5 ppm	10 ppm	1	wAP0060.raw	oocyte
MSV000093870-SC-0114	homo sapiens	ovary	not applicable	not applicable	oocyte	114	cell	wAP0060_mTRAQ8	proteomic profiling by mass spectrometry	NT=Q Exactive;AC=MS:1001911	AC=UNIMOD:1302;NT=MTRAQ8	1	NT=Data-Independent Acquisition;AC=NCIT:C161786	NT=Carbamidomethyl;MT=Fixed;TA=C;AC=UNIMOD:4	NT=Oxidation;MT=Variable;TA=M;AC=UNIMOD:35	NT=Acetyl;MT=Variable;TA=N-term;AC=UNIMOD:1	not available	NT=Trypsin;AC=MS:1001251	NT=HCD;AC=PRIDE:0000590	5 ppm	10 ppm	1	wAP0060.raw	oocyte
